	GeneA	GeneB	GeneC	GeneD	GeneE	GeneF	GeneG	GeneH	DoublingTime
0	19.89	389.1	84.14	62.04	152.21	87.73	973.31	973.31	7.04
1	19.34	296.05	44.65	69.42	158.89	39.85	986.23	986.23	5.56
2	20.21	300.99	37.93	69.19	145.99	40.63	1033.5	1033.5	5.66
3	19.04	329.72	163.01	63.24	144.64	159.69	1082.32	1082.32	6.45
4	20.69	288.58	120.84	68.68	150.8	118.79	973.67	973.67	5.63
5	19.23	341.22	87.4	73.4	165.12	88.92	982.75	982.75	6.34
6	22.18	315.78	145.41	65.45	154.9	143.77	963.35	963.35	6.09
7	18.43	293.18	98.22	64.66	149.51	102.93	1045.43	1045.43	5.71
8	19.74	423.67	208.96	68.11	130.02	204.87	996.16	996.16	10.53
9	22.18	397.54	126.26	66.7	139.2	131.16	1024.96	1024.96	9.63
10	20.58	471.07	145.57	64.46	157.2	146.49	906.27	906.27	11.08
11	19.51	289.06	84.68	67.36	172.65	88.06	1024.64	1024.64	5.59
12	19.92	436.32	93.3	65.2	150.67	93.89	1046.25	1046.25	7.84
13	21.83	442.79	97.4	73.51	168.1	92.74	1064.31	1064.31	7.97
14	19.0	331.93	97.82	65.96	171.37	95.3	1003.38	1003.38	6.25
15	18.7	421.62	114.51	81.22	145.37	113.46	985.12	985.12	10.01
16	19.69	316.52	67.76	72.16	155.54	66.97	983.14	983.14	5.92
17	20.81	350.07	167.91	69.14	162.48	165.58	914.77	914.77	8.78
18	19.78	392.4	173.47	70.62	151.03	170.32	992.62	992.62	9.73
19	20.68	339.03	101.41	72.02	158.47	102.78	1038.88	1038.88	6.4
20	19.23	400.07	69.4	66.55	151.6	67.82	943.85	943.85	7.14
21	19.39	426.94	104.82	65.62	163.91	108.36	1017.12	1017.12	7.7
22	20.87	417.5	70.0	65.87	154.52	65.91	1055.5	1055.5	7.51
23	18.73	370.84	85.49	64.53	151.03	89.33	970.17	970.17	6.77
24	18.37	392.75	77.41	73.18	144.97	78.81	1021.54	1021.54	7.12
25	20.37	353.27	90.12	68.15	150.53	85.22	956.88	956.88	6.5
26	21.0	370.95	166.19	74.66	157.78	163.32	1023.74	1023.74	9.29
27	20.76	343.66	117.68	66.03	152.59	114.86	939.05	939.05	6.41
28	21.46	402.36	89.97	67.43	143.71	87.41	1050.24	1050.24	7.33
29	21.32	353.03	114.83	82.07	149.74	113.79	929.72	929.72	8.59
30	18.88	342.57	35.65	70.78	151.07	38.06	961.74	961.74	6.21
31	19.96	413.81	146.73	66.28	142.56	150.11	982.16	982.16	10.01
32	20.47	266.7	123.28	68.47	142.5	119.39	871.19	871.19	5.2
33	21.36	376.48	45.99	69.54	180.94	42.86	1004.8	1004.8	6.79
34	19.88	327.68	163.47	61.53	156.95	160.76	1095.32	1095.32	6.44
35	19.4	281.37	94.26	75.57	141.86	96.44	1005.4	1005.4	5.48
36	19.8	272.67	160.34	77.49	136.23	161.83	1010.79	1010.79	5.52
37	18.51	300.89	108.4	76.01	149.03	104.84	1058.97	1058.97	5.86
38	20.8	402.06	58.08	74.8	153.86	55.95	1052.67	1052.67	7.25
39	21.16	412.69	65.75	63.38	156.65	64.87	1043.17	1043.17	7.42
40	19.16	299.82	88.43	61.74	141.8	92.2	992.93	992.93	5.73
41	20.41	292.73	173.02	67.94	152.44	176.52	1032.62	1032.62	5.88
42	19.74	361.37	136.57	74.49	151.68	132.46	923.47	923.47	8.85
43	18.47	249.69	58.79	70.76	146.21	56.81	922.09	922.09	4.83
44	18.99	329.73	88.99	79.64	156.7	84.27	959.75	959.75	6.15
45	20.88	302.23	58.73	66.39	140.33	59.24	1125.43	1125.43	5.83
46	19.2	374.3	173.26	67.32	163.81	172.66	1000.69	1000.69	9.37
47	20.43	351.21	49.21	80.85	154.52	52.67	1002.1	1002.1	6.41
48	20.61	351.14	68.54	67.37	150.91	73.45	1002.26	1002.26	6.46
49	19.58	342.51	89.83	75.82	158.56	86.6	1007.54	1007.54	6.39
50	19.94	432.56	195.62	68.52	167.06	192.77	987.34	987.34	10.64
51	17.02	346.03	111.89	75.41	146.59	110.06	944.45	944.45	8.44
52	19.24	227.88	127.3	74.77	139.73	130.78	928.57	928.57	4.68
53	19.48	337.89	123.29	63.88	153.68	118.66	1007.01	1007.01	6.4
54	20.21	337.32	39.91	70.56	135.08	43.74	918.68	918.68	6.1
55	21.63	377.83	120.14	69.78	156.74	118.63	1006.9	1006.9	9.19
56	18.98	319.05	140.65	81.47	156.03	143.34	1048.79	1048.79	6.21
57	20.97	350.05	68.65	74.23	138.16	69.15	999.63	999.63	6.44
58	20.96	346.93	51.85	73.16	162.54	50.08	1016.6	1016.6	6.37
59	20.82	418.6	34.31	77.79	143.11	38.88	1041.88	1041.88	7.43
60	19.89	329.68	169.91	58.38	148.93	169.53	960.31	960.31	6.35
61	18.67	388.89	101.86	67.24	140.3	103.04	1058.72	1058.72	7.17
62	19.01	358.79	218.53	76.12	152.49	220.36	1013.18	1013.18	9.3
63	18.89	359.26	70.11	69.12	145.64	67.15	1047.17	1047.17	6.63
64	21.45	346.13	93.72	62.61	153.41	94.08	1068.46	1068.46	6.52
65	20.89	321.46	115.14	72.71	158.2	117.45	990.63	990.63	6.12
66	20.07	330.89	123.78	64.16	146.48	125.75	1029.72	1029.72	6.32
67	18.9	475.61	142.02	71.32	166.0	139.44	997.33	997.33	11.24
68	19.1	368.35	134.35	67.5	158.9	134.9	993.79	993.79	9.05
69	20.04	307.91	98.15	69.2	159.14	99.86	991.19	991.19	5.88
70	20.71	270.49	80.4	72.66	151.16	78.2	1051.82	1051.82	5.33
71	19.46	350.58	96.49	77.48	160.25	92.5	1059.02	1059.02	6.58
72	19.22	366.08	76.33	70.74	152.34	73.29	973.74	973.74	6.68
73	18.88	384.25	114.79	76.56	141.48	116.24	1014.28	1014.28	9.29
74	20.25	353.22	111.96	76.14	143.99	114.32	909.18	909.18	8.55
75	19.43	353.48	101.94	68.24	141.62	100.5	1024.36	1024.36	6.6
76	20.12	366.05	73.47	66.27	143.96	78.15	967.76	967.76	6.66
77	20.98	349.16	82.2	74.97	149.91	85.31	1065.03	1065.03	6.53
78	21.65	371.67	123.08	65.2	158.64	124.93	907.77	907.77	8.98
79	21.72	366.28	75.19	77.34	144.54	77.05	1052.46	1052.46	6.76
80	20.64	293.11	116.89	70.2	144.3	120.63	1038.1	1038.1	5.75
81	21.84	320.71	90.14	76.12	141.96	92.53	1030.74	1030.74	6.09
82	19.61	337.34	28.97	68.85	149.28	25.72	944.06	944.06	6.1
83	21.32	362.5	79.83	69.57	136.96	83.59	1012.62	1012.62	6.67
84	19.95	336.35	16.54	64.71	153.99	12.55	1014.43	1014.43	6.12
85	19.96	397.05	67.24	71.33	153.09	68.62	1010.76	1010.76	7.15
86	20.65	314.85	103.51	72.88	159.73	108.1	1018.39	1018.39	6.02
87	20.0	402.62	134.21	60.06	159.2	134.58	1023.99	1023.99	9.77
88	20.29	358.77	159.7	66.65	159.22	161.68	977.46	977.46	8.97
89	21.7	368.58	114.14	69.59	150.11	113.88	1090.52	1090.52	9.05
90	20.42	336.32	124.99	62.27	146.24	121.84	1011.54	1011.54	6.39
91	19.64	438.45	156.71	64.93	148.3	151.87	1065.28	1065.28	10.64
92	21.71	358.61	60.62	71.57	148.34	57.97	927.76	927.76	6.48
93	20.7	318.92	112.63	67.48	152.2	115.19	981.75	981.75	6.07
94	19.8	309.75	164.71	75.04	147.24	164.18	978.92	978.92	6.06
95	20.41	312.21	77.38	68.98	157.42	72.85	910.3	910.3	5.81
96	20.71	346.09	70.27	68.63	142.88	73.83	1044.49	1044.49	6.43
97	21.79	258.7	50.0	70.84	142.53	49.51	988.07	988.07	5.02
98	18.26	367.72	68.02	76.6	164.48	73.0	1016.95	1016.95	6.72
99	20.5	344.05	99.54	70.77	150.38	102.37	1053.55	1053.55	6.48
100	20.95	390.17	96.79	76.16	169.58	93.6	973.51	973.51	7.09
101	22.34	351.59	91.02	69.12	147.68	89.0	1017.42	1017.42	6.54
102	19.94	346.87	95.83	67.97	142.18	97.96	1078.86	1078.86	6.54
103	18.97	278.1	144.21	62.2	156.73	144.28	1080.07	1080.07	5.63
104	18.78	328.22	88.52	70.3	141.54	84.42	939.53	939.53	6.1
105	19.98	303.22	62.4	66.93	155.35	64.56	972.41	972.41	5.7
106	19.66	305.61	101.69	69.99	159.17	102.78	985.57	985.57	5.84
107	19.64	320.13	100.81	71.59	141.99	101.57	988.19	988.19	6.06
108	19.0	321.96	83.22	58.01	147.45	87.49	947.29	947.29	6.0
109	20.19	238.58	110.79	74.14	151.65	113.62	1059.71	1059.71	4.94
110	19.81	247.87	140.53	71.15	148.32	143.2	1013.48	1013.48	5.1
111	19.86	411.93	16.02	71.05	149.82	16.33	1022.86	1022.86	7.26
112	20.65	319.47	71.12	68.1	145.0	69.93	1049.45	1049.45	6.04
113	19.4	398.84	100.46	78.67	148.92	96.27	951.62	951.62	7.2
114	19.78	440.46	85.21	75.78	148.37	85.13	978.26	978.26	7.82
115	18.18	291.09	29.04	72.58	146.56	32.46	970.73	970.73	5.43
116	20.49	372.53	66.11	59.56	159.52	64.43	1020.91	1020.91	6.79
117	21.0	373.91	206.71	73.47	139.26	204.08	974.78	974.78	9.51
118	20.24	360.71	146.15	70.89	144.77	145.39	971.38	971.38	8.94
119	19.25	407.5	75.77	69.77	160.99	72.22	1039.51	1039.51	7.36
120	21.57	308.5	99.84	77.74	147.11	103.92	1086.13	1086.13	5.98
121	20.39	368.81	113.31	67.52	136.28	117.12	1010.73	1010.73	8.97
122	19.94	317.21	112.07	63.02	155.19	109.61	1004.49	1004.49	6.06
123	19.59	310.55	88.42	65.59	159.73	93.06	1032.17	1032.17	5.93
124	20.19	363.21	92.11	73.46	152.55	88.83	925.38	925.38	6.62
125	21.21	274.57	92.37	71.34	143.86	93.88	1021.1	1021.1	5.39
126	19.75	372.88	123.97	72.15	147.93	128.45	956.89	956.89	9.05
127	21.06	364.56	85.0	60.17	153.47	87.0	1102.15	1102.15	6.8
128	18.71	330.09	67.36	70.55	136.41	69.68	912.16	912.16	6.05
129	20.24	288.98	86.72	62.0	151.85	90.27	1107.04	1107.04	5.68
130	19.21	389.0	70.81	65.39	147.74	65.92	1039.33	1039.33	7.07
131	19.12	294.84	103.94	64.03	161.81	106.37	990.28	990.28	5.69
132	18.43	266.34	135.27	73.66	140.56	139.97	973.94	973.94	5.33
133	21.65	405.02	68.36	74.2	150.42	65.57	1011.91	1011.91	7.28
134	20.39	375.58	128.96	68.32	157.49	133.68	999.04	999.04	9.18
135	19.19	315.84	192.58	64.35	142.83	189.88	1048.56	1048.56	6.29
136	19.91	283.29	82.22	75.94	153.55	82.97	957.64	957.64	5.43
137	19.77	398.28	88.48	74.94	143.1	93.09	1064.41	1064.41	7.28
138	20.79	281.42	149.71	63.4	154.05	152.97	1038.75	1038.75	5.66
139	18.76	305.78	-8.54	70.0	147.03	-6.17	1053.75	1053.75	5.64
140	19.3	396.79	80.38	69.58	144.09	77.65	929.55	929.55	7.1
141	20.23	296.68	68.35	67.57	144.21	66.66	978.65	978.65	5.62
142	21.17	372.02	177.16	66.43	153.58	177.76	1096.87	1096.87	9.44
143	19.6	351.07	108.44	60.12	151.44	108.55	955.88	955.88	8.54
144	21.27	294.4	205.0	70.54	161.59	200.08	1087.71	1087.71	6.04
145	19.73	340.1	104.59	67.18	148.41	103.87	1016.93	1016.93	6.4
146	22.35	369.64	101.79	78.36	164.69	103.15	979.52	979.52	6.8
147	20.71	427.39	201.77	71.61	143.84	197.35	1077.08	1077.08	10.65
148	19.86	367.35	177.83	72.46	159.92	180.41	1008.4	1008.4	9.26
149	18.93	305.07	9.06	71.57	154.69	9.34	1011.52	1011.52	5.63
150	19.61	423.74	154.53	65.95	160.23	155.92	998.58	998.58	10.27
151	19.32	324.85	180.29	75.03	151.75	175.88	986.17	986.17	6.33
152	19.34	346.62	153.06	76.87	142.76	151.76	1061.5	1061.5	8.78
153	21.35	346.23	91.84	68.31	142.25	89.12	945.11	945.11	6.39
154	18.25	377.71	50.16	68.47	152.12	46.02	1011.85	1011.85	6.82
155	19.17	322.99	110.83	79.58	159.32	111.66	903.54	903.54	6.04
156	21.43	372.97	101.15	69.97	153.28	102.8	989.97	989.97	6.86
157	18.85	329.83	131.08	67.51	156.61	128.89	935.26	935.26	6.23
158	19.74	299.71	88.0	68.26	145.78	85.97	950.84	950.84	5.69
159	20.45	310.97	21.3	65.86	154.41	21.24	974.22	974.22	5.71
160	21.32	313.64	76.57	71.09	153.06	72.73	975.19	975.19	5.89
161	20.51	367.68	15.15	63.34	145.18	17.0	986.53	986.53	6.56
162	19.9	393.36	170.37	62.44	163.7	168.37	1066.81	1066.81	9.81
163	20.23	301.49	123.7	77.28	142.66	127.24	954.11	954.11	5.81
164	20.06	353.62	38.85	79.72	152.42	34.68	1036.36	1036.36	6.46
165	19.51	356.71	87.37	75.13	161.4	89.59	1027.85	1027.85	6.62
166	22.16	501.11	105.93	70.6	141.34	104.41	931.18	931.18	11.51
167	20.75	361.67	140.41	74.31	163.79	138.4	972.41	972.41	8.93
168	21.21	326.06	143.41	74.64	154.32	144.97	1029.23	1029.23	6.3
169	19.6	319.63	86.67	75.82	152.88	86.22	1013.72	1013.72	6.04
170	20.15	361.06	55.47	80.56	141.27	57.82	953.96	953.96	6.53
171	18.56	327.92	106.65	59.67	154.08	110.6	1038.6	1038.6	6.24
172	18.82	360.47	131.57	71.08	152.87	127.59	1016.56	1016.56	8.9
173	18.94	289.81	100.0	67.08	152.62	97.45	1025.48	1025.48	5.64
174	20.25	329.45	83.85	73.48	139.4	82.74	999.08	999.08	6.17
175	19.94	403.39	117.42	74.24	141.34	117.18	1075.57	1075.57	9.75
176	20.19	307.98	162.89	66.44	154.5	158.56	1030.53	1030.53	6.08
177	18.94	335.76	149.11	67.48	158.18	152.17	940.7	940.7	6.37
178	21.26	306.69	77.83	73.11	147.69	79.77	945.05	945.05	5.76
179	18.92	421.93	122.36	76.64	148.59	121.24	987.4	987.4	10.06
180	18.22	461.22	77.1	62.44	151.95	79.25	1054.89	1054.89	8.18
181	19.34	341.38	47.68	69.75	149.77	51.98	1069.03	1069.03	6.33
182	21.4	334.78	24.64	60.81	153.15	25.61	934.09	934.09	6.04
183	21.11	257.22	89.82	75.72	147.32	91.9	1034.57	1034.57	5.14
184	19.21	357.77	165.62	76.47	142.38	170.53	941.6	941.6	8.94
185	21.46	334.46	119.24	67.68	146.99	116.72	928.79	928.79	6.27
186	18.72	268.71	97.0	66.39	151.05	99.61	987.02	987.02	5.28
187	19.14	359.26	112.58	67.56	158.58	117.28	1048.38	1048.38	8.82
188	20.1	400.19	102.34	67.96	148.83	98.25	1026.42	1026.42	7.31
189	20.77	289.01	82.43	68.22	152.92	83.13	929.28	929.28	5.49
190	20.2	307.84	62.12	74.19	154.16	58.78	966.1	966.1	5.76
191	20.59	343.9	86.46	63.82	168.17	91.1	954.11	954.11	6.35
192	19.99	338.65	71.32	69.85	148.5	73.35	927.24	927.24	6.21
193	20.4	340.44	102.7	70.94	150.3	105.07	1033.71	1033.71	6.42
194	20.28	355.16	102.83	64.14	139.39	104.06	985.96	985.96	6.59
195	19.61	332.36	155.21	69.52	128.56	154.94	937.49	937.49	6.33
196	20.91	343.44	134.69	70.98	143.08	136.51	1113.65	1113.65	6.62
197	21.98	334.21	128.38	62.31	152.37	130.34	1045.45	1045.45	6.4
198	19.05	331.36	66.16	72.58	143.58	70.16	1023.42	1023.42	6.18
199	20.92	349.66	100.68	67.78	160.39	97.02	974.75	974.75	6.49
200	19.59	294.46	38.05	72.43	160.87	36.52	956.33	956.33	5.49
201	18.99	389.25	158.04	77.69	155.69	153.48	1064.89	1064.89	9.66
202	19.73	330.16	85.03	70.08	160.42	81.57	1041.09	1041.09	6.23
203	19.79	448.8	86.78	67.42	151.76	83.33	1047.61	1047.61	8.02
204	20.82	443.38	67.66	68.94	152.8	66.16	1028.18	1028.18	7.87
205	20.22	410.69	124.72	74.27	138.88	124.41	942.17	942.17	9.8
206	21.65	402.0	133.51	67.35	163.71	137.7	1019.49	1019.49	9.75
207	21.32	352.59	63.33	78.66	162.76	59.42	994.9	994.9	6.46
208	20.51	282.33	105.47	65.77	149.72	109.92	981.16	981.16	5.5
209	20.39	394.86	64.65	66.59	155.55	62.84	998.11	998.11	7.1
210	20.54	305.4	128.31	69.99	152.2	129.78	954.35	954.35	5.88
211	20.58	328.27	22.77	73.21	159.46	19.18	992.73	992.73	5.99
212	20.99	441.62	108.31	63.97	160.82	108.4	905.43	905.43	10.3
213	20.3	395.53	145.96	78.78	151.93	144.48	968.28	968.28	9.63
214	20.27	347.52	105.48	65.27	148.69	103.96	1022.09	1022.09	8.52
215	19.32	288.42	122.41	72.86	134.91	123.98	1003.68	1003.68	5.66
216	20.9	321.37	108.67	63.77	158.92	104.85	983.41	983.41	6.1
217	21.16	334.26	120.93	65.19	165.61	122.03	1019.7	1019.7	6.36
218	21.05	281.52	133.09	70.77	148.16	129.87	959.59	959.59	5.54
219	19.33	387.11	18.09	60.3	154.88	22.13	1014.93	1014.93	6.89
220	21.67	406.31	56.29	72.03	148.85	59.77	963.36	963.36	7.22
221	20.52	285.34	115.72	66.82	137.81	118.64	973.76	973.76	5.56
222	19.85	328.52	132.94	70.58	154.07	132.3	1046.6	1046.6	6.33
223	20.71	399.22	45.33	72.8	140.32	45.73	961.86	961.86	7.08
224	19.71	392.3	119.61	73.03	142.77	118.83	1071.53	1071.53	9.54
225	20.74	423.77	65.1	68.63	140.07	64.74	1003.56	1003.56	7.54
226	19.41	361.62	53.11	73.51	148.43	55.06	1039.23	1039.23	6.62
227	19.72	346.36	158.16	76.33	145.42	162.32	966.68	966.68	8.7
228	19.62	321.07	77.98	76.96	148.4	80.2	1063.16	1063.16	6.09
229	20.32	395.82	83.43	72.91	154.94	81.0	1106.85	1106.85	7.27
230	21.44	341.38	74.55	69.03	161.68	70.52	1039.57	1039.57	6.37
231	21.05	309.3	186.92	74.02	146.33	189.42	1021.53	1021.53	6.15
232	18.81	313.4	153.71	65.88	154.71	156.21	1078.23	1078.23	6.18
233	19.56	325.34	101.65	61.04	141.04	97.66	1049.81	1049.81	6.2
234	19.66	271.49	142.09	73.55	160.68	141.84	976.71	976.71	5.42
235	19.71	348.85	57.5	75.73	166.5	62.33	1020.47	1020.47	6.42
236	20.07	351.06	97.71	67.87	147.46	95.52	951.04	951.04	6.48
237	21.26	360.18	117.37	64.73	149.29	121.29	1025.58	1025.58	8.84
238	20.58	364.0	125.12	75.56	154.81	128.85	974.15	974.15	8.9
239	19.7	383.42	68.67	72.68	134.88	66.93	909.24	909.24	6.85
240	19.72	386.27	151.58	71.63	145.58	149.8	943.13	943.13	9.45
241	21.03	294.35	94.01	64.92	142.21	94.72	984.69	984.69	5.66
242	18.71	234.31	112.54	65.0	153.6	108.08	974.97	974.97	4.79
243	21.13	275.48	77.96	67.64	158.41	74.85	963.66	963.66	5.31
244	20.78	313.16	96.85	77.23	145.87	96.65	964.92	964.92	5.93
245	19.59	431.98	126.86	74.59	143.3	125.06	993.83	993.83	10.29
246	18.97	214.01	117.54	70.29	165.13	122.04	930.24	930.24	4.45
247	21.07	347.36	108.34	70.76	163.69	109.87	977.91	977.91	8.49
248	20.39	382.04	123.27	72.54	149.48	124.8	1016.32	1016.32	9.29
249	20.18	353.39	47.22	76.46	154.59	48.08	1038.95	1038.95	6.48
250	21.9	313.45	52.59	64.34	147.4	56.45	1010.84	1010.84	5.87
251	21.5	291.51	91.72	70.79	145.26	95.56	1024.9	1024.9	5.65
252	19.82	360.96	129.31	76.86	126.37	127.41	951.84	951.84	8.84
253	20.56	354.85	106.11	80.32	167.61	110.02	1021.35	1021.35	8.67
254	19.15	397.82	147.03	65.88	168.39	147.73	1027.44	1027.44	9.74
255	19.65	406.91	104.18	64.8	130.05	101.96	1014.53	1014.53	7.4
256	19.46	321.48	140.38	69.46	133.5	145.07	969.47	969.47	6.16
257	20.42	384.56	107.55	57.88	143.34	105.75	1013.13	1013.13	9.26
258	20.49	390.73	184.03	72.94	132.92	182.03	929.7	929.7	9.69
259	19.24	378.58	53.78	64.03	144.77	51.8	1073.86	1073.86	6.91
260	20.55	278.22	119.15	73.37	155.98	122.6	1000.87	1000.87	5.49
261	19.6	245.29	87.84	70.9	159.16	83.4	984.52	984.52	4.9
262	21.23	342.03	168.39	77.22	151.28	166.49	1036.21	1036.21	6.61
263	20.19	368.86	98.69	74.66	157.96	103.41	953.15	953.15	6.75
264	21.37	364.84	83.66	71.65	129.83	85.31	1009.53	1009.53	6.71
265	19.15	423.94	58.86	68.79	143.84	63.65	951.92	951.92	7.48
266	19.8	367.9	93.0	76.43	149.92	88.52	935.38	935.38	6.71
267	19.08	258.95	89.02	65.26	148.7	84.54	974.05	974.05	5.1
268	20.64	307.44	131.58	61.85	134.42	132.21	986.81	986.81	5.95
269	16.84	287.95	172.43	63.25	141.94	167.99	1009.76	1009.76	5.78
270	21.47	315.89	45.4	66.8	144.89	43.61	990.77	990.77	5.86
271	19.13	357.08	95.59	65.5	144.27	93.88	998.9	998.9	6.61
272	22.11	391.46	60.99	65.82	150.83	58.08	991.88	991.88	7.04
273	20.27	404.02	68.47	66.01	158.08	71.13	1096.63	1096.63	7.35
274	18.95	329.64	78.17	70.08	137.67	76.16	960.32	960.32	6.12
275	21.19	449.14	108.95	67.85	151.64	110.61	983.21	983.21	10.53
276	20.25	272.69	103.04	65.33	138.61	107.27	980.86	980.86	5.35
277	20.53	381.49	151.16	68.36	165.26	148.73	972.83	972.83	9.38
278	20.52	382.88	123.96	68.16	140.73	125.2	1044.62	1044.62	9.34
279	19.84	300.1	128.94	70.62	161.37	126.63	1100.76	1100.76	5.94
280	19.38	312.63	105.91	74.3	138.6	108.82	969.14	969.14	5.94
281	19.85	296.9	103.92	76.13	136.92	102.19	968.09	968.09	5.7
282	19.87	213.28	70.12	71.12	149.47	72.97	1043.29	1043.29	4.44
283	19.71	323.2	80.55	66.75	146.09	79.63	1063.35	1063.35	6.13
284	19.19	365.84	78.82	61.81	160.87	75.53	1177.92	1177.92	6.88
285	19.91	288.08	124.12	75.51	137.52	125.51	959.21	959.21	5.61
286	19.33	404.34	145.51	68.37	168.53	149.14	984.58	984.58	9.82
287	19.48	473.75	77.32	62.55	155.51	80.64	1057.63	1057.63	8.38
288	18.81	337.23	105.31	74.15	153.46	107.31	1050.65	1050.65	6.39
289	19.22	399.99	115.69	58.04	151.22	120.11	989.39	989.39	9.59
290	20.67	345.12	130.54	68.4	167.43	131.71	1034.85	1034.85	8.61
291	20.88	355.27	79.4	63.53	147.0	79.33	949.67	949.67	6.5
292	20.44	249.75	107.95	75.21	148.19	103.56	1040.53	1040.53	5.08
293	19.42	319.9	143.83	66.35	146.74	140.81	989.59	989.59	6.17
294	20.9	277.17	117.33	63.87	154.03	114.05	1073.56	1073.56	5.55
295	19.66	407.04	129.47	81.3	144.46	129.32	994.45	994.45	9.8
296	19.57	456.06	112.5	74.1	155.32	112.54	1006.67	1006.67	10.71
297	21.64	276.96	46.45	70.7	136.01	50.5	951.78	951.78	5.24
298	19.72	413.89	68.54	61.4	143.75	68.39	972.21	972.21	7.37
299	19.64	295.53	64.27	69.77	138.69	59.88	1035.13	1035.13	5.65
300	20.81	358.11	-2.79	70.99	148.22	-2.01	1022.61	1022.61	6.41
301	19.05	235.14	128.28	68.08	154.89	124.64	1064.25	1064.25	4.93
302	18.52	262.4	104.72	58.77	166.27	108.21	974.42	974.42	5.19
303	19.06	345.64	121.47	74.16	162.48	120.91	1001.66	1001.66	8.54
304	20.32	253.97	179.95	80.84	154.73	177.74	1025.27	1025.27	5.3
305	19.07	292.36	113.24	70.63	161.92	108.83	1047.99	1047.99	5.74
306	18.71	363.51	89.63	71.58	156.36	93.37	969.41	969.41	6.66
307	19.89	314.36	161.9	65.82	147.31	159.59	923.54	923.54	6.06
308	20.95	309.32	77.87	76.03	163.95	73.2	881.49	881.49	5.74
309	19.24	337.72	106.15	70.45	165.35	102.77	933.67	933.67	6.28
310	21.3	299.2	147.37	63.78	152.95	152.2	1003.87	1003.87	5.88
311	20.44	379.07	85.35	72.02	154.02	88.83	993.69	993.69	6.91
312	18.88	326.11	124.74	62.73	132.82	121.0	998.55	998.55	6.22
313	21.43	382.64	107.66	67.12	147.41	105.47	1013.15	1013.15	9.23
314	20.94	398.62	144.54	66.2	147.48	148.19	1038.88	1038.88	9.75
315	20.08	374.09	112.01	83.98	164.5	110.44	1025.77	1025.77	9.09
316	18.3	315.35	116.45	67.03	144.12	112.26	1015.76	1015.76	6.06
317	19.34	411.49	30.56	54.99	154.22	28.27	1037.58	1037.58	7.31
318	19.4	322.86	109.91	62.0	147.45	112.96	972.13	972.13	6.11
319	20.13	295.88	161.28	67.58	144.83	156.88	1062.93	1062.93	5.92
320	18.33	318.57	88.89	66.46	151.18	83.93	1003.29	1003.29	6.02
321	20.42	409.7	108.52	65.01	171.62	108.31	987.91	987.91	9.74
322	21.2	408.56	174.68	66.71	141.11	172.17	976.41	976.41	10.04
323	19.82	404.27	82.43	63.91	160.48	80.41	1032.55	1032.55	7.32
324	19.42	370.19	103.79	69.67	154.89	99.29	934.51	934.51	6.77
325	20.97	427.94	180.98	60.0	140.03	179.84	1053.79	1053.79	10.54
326	20.25	243.65	181.62	72.5	147.82	178.35	1007.12	1007.12	5.14
327	20.25	359.23	143.78	72.38	145.08	140.34	919.77	919.77	8.84
328	18.09	367.8	165.81	65.85	155.41	162.36	992.21	992.21	9.2
329	20.95	374.14	141.04	71.45	149.76	141.74	1002.99	1002.99	9.21
330	20.12	324.44	106.99	73.26	151.55	106.68	964.59	964.59	6.12
331	18.8	368.98	91.75	66.19	175.07	96.51	991.4	991.4	6.77
332	19.65	302.22	123.06	66.89	134.36	122.2	950.92	950.92	5.81
333	21.03	327.42	77.35	62.61	156.97	77.07	1057.2	1057.2	6.18
334	18.54	365.82	145.78	66.23	138.36	149.48	1044.29	1044.29	9.11
335	21.25	363.93	135.6	76.9	148.22	139.69	1179.56	1179.56	9.16
336	21.38	286.79	133.18	62.52	138.86	130.91	1100.08	1100.08	5.76
337	18.85	402.54	102.04	74.84	151.27	98.84	983.91	983.91	7.3
338	19.64	395.01	78.09	71.05	143.23	75.78	986.19	986.19	7.13
339	19.28	422.56	64.37	66.21	143.76	63.39	981.22	981.22	7.5
340	21.04	270.12	62.53	70.62	126.01	59.69	910.49	910.49	5.14
341	19.3	311.48	93.89	68.92	153.45	90.01	1027.48	1027.48	5.95
342	20.78	359.87	131.52	72.26	151.88	128.89	1023.66	1023.66	8.9
343	20.59	329.95	-16.47	72.93	154.75	-13.75	942.36	942.36	5.87
344	19.57	345.08	56.62	70.71	171.12	57.13	1007.51	1007.51	6.34
345	20.19	228.96	87.52	69.64	163.86	89.89	1004.87	1004.87	4.68
346	20.81	379.35	134.01	70.55	152.79	130.3	1042.35	1042.35	9.32
347	19.1	266.35	78.97	59.95	149.79	75.99	1057.41	1057.41	5.27
348	20.52	383.65	48.0	66.83	153.3	44.79	847.08	847.08	6.74
349	21.76	469.55	112.66	59.39	150.4	110.27	1006.71	1006.71	10.98
350	19.67	342.36	103.52	72.67	137.42	107.23	1023.73	1023.73	6.44
351	19.44	371.36	170.78	76.75	160.85	170.68	965.01	965.01	9.27
352	18.8	381.97	75.81	71.76	144.07	74.57	1003.28	1003.28	6.94
353	20.87	380.03	78.4	66.61	162.99	80.04	967.21	967.21	6.88
354	19.59	415.04	131.68	60.55	152.66	135.6	1050.37	1050.37	10.03
355	19.13	402.85	141.56	77.12	158.58	138.34	941.04	941.04	9.73
356	18.63	322.11	92.72	62.83	135.65	90.61	1030.71	1030.71	6.11
357	19.03	266.71	122.82	69.21	169.85	125.79	1021.87	1021.87	5.35
358	19.42	266.88	49.95	68.44	133.79	45.45	1004.01	1004.01	5.15
359	20.44	267.88	38.85	70.69	145.48	36.71	921.68	921.68	5.06
360	19.18	341.05	78.44	65.43	138.02	73.62	1041.09	1041.09	6.37
361	20.74	372.34	114.89	77.19	147.22	113.99	903.36	903.36	8.95
362	21.26	304.47	89.73	68.43	149.03	91.23	991.52	991.52	5.8
363	17.51	384.82	107.17	81.04	153.5	102.62	918.06	918.06	9.17
364	21.44	289.51	123.07	58.05	140.16	127.82	960.69	960.69	5.63
365	19.93	337.61	114.31	69.02	154.68	111.76	1058.44	1058.44	6.43
366	19.66	280.85	146.81	72.89	160.85	142.38	1078.2	1078.2	5.68
367	20.74	419.46	186.41	74.29	151.25	190.54	1031.24	1031.24	10.37
368	20.05	417.37	148.77	67.49	159.87	148.39	972.0	972.0	10.08
369	21.49	350.17	104.24	74.61	158.46	109.23	1048.84	1048.84	6.58
370	17.33	380.09	129.72	76.99	155.43	126.94	1025.49	1025.49	9.29
371	18.98	300.17	137.13	69.76	171.23	137.12	980.91	980.91	5.85
372	18.63	379.24	83.48	74.6	155.61	80.52	990.57	990.57	6.91
373	20.08	337.58	155.74	75.39	143.11	153.45	1005.71	1005.71	6.48
374	19.57	384.23	62.73	73.33	137.32	65.24	996.95	996.95	6.94
375	19.07	268.57	154.12	72.83	156.08	157.2	973.86	973.86	5.41
376	19.66	360.28	52.98	71.54	135.58	53.06	958.34	958.34	6.51
377	19.04	363.08	113.51	71.43	151.72	112.65	925.98	925.98	8.77
378	18.73	263.18	100.21	70.64	154.58	103.48	949.58	949.58	5.17
379	19.35	348.65	81.91	77.92	164.23	81.22	895.91	895.91	6.35
380	19.61	445.97	85.1	73.31	161.21	85.74	948.94	948.94	7.87
381	22.47	391.66	160.47	74.67	149.4	163.12	1021.06	1021.06	9.68
382	20.61	336.69	57.32	68.54	156.58	59.68	1084.05	1084.05	6.3
383	17.07	365.8	158.14	73.72	135.13	160.8	935.6	935.6	9.06
384	21.1	338.69	115.86	68.69	139.36	118.11	960.91	960.91	6.35
385	21.29	370.5	150.05	71.33	155.12	152.45	924.59	924.59	9.11
386	19.53	323.81	88.69	71.85	134.66	91.41	983.8	983.8	6.08
387	22.1	284.05	82.12	73.48	145.13	78.54	986.3	986.3	5.47
388	18.96	391.46	114.05	79.92	138.78	115.82	1011.04	1011.04	9.43
389	20.34	237.62	51.92	62.17	133.57	56.87	1005.06	1005.06	4.72
390	20.84	358.17	121.49	68.64	140.71	122.77	935.98	935.98	8.73
391	19.58	354.45	122.32	70.96	173.03	126.82	1077.2	1077.2	8.8
392	21.53	327.58	50.94	75.85	145.09	55.2	983.74	983.74	6.05
393	20.34	341.61	12.9	69.49	160.79	14.06	980.53	980.53	6.16
394	21.42	360.14	88.83	73.01	154.41	92.71	1014.58	1014.58	6.66
395	20.68	302.24	93.1	73.5	162.97	92.95	1084.19	1084.19	5.87
396	19.79	261.72	120.24	68.37	153.18	124.46	916.5	916.5	5.16
397	19.57	374.97	97.93	74.89	128.14	99.81	969.74	969.74	6.86
398	21.13	277.92	133.82	69.63	150.03	130.56	1026.81	1026.81	5.55
399	20.73	305.67	89.23	69.94	154.38	94.2	1000.03	1000.03	5.83
400	19.24	347.49	15.24	75.46	139.53	19.54	938.95	938.95	6.21
401	19.61	298.2	44.28	73.94	155.36	44.26	1041.82	1041.82	5.65
402	20.07	387.45	90.6	69.76	144.18	86.51	1019.8	1019.8	7.08
403	19.03	416.23	85.22	65.55	155.02	83.07	1120.08	1120.08	7.6
404	20.46	384.17	103.74	75.45	153.33	106.71	1125.67	1125.67	7.17
405	18.86	354.88	44.74	68.9	143.38	44.33	1035.48	1035.48	6.49
406	19.64	302.07	104.98	64.0	145.12	106.06	1004.59	1004.59	5.82
407	21.2	309.42	140.29	75.25	135.14	143.15	993.79	993.79	6.01
408	20.47	337.91	158.03	73.21	155.51	153.4	921.07	921.07	6.41
409	21.81	219.13	140.84	76.36	169.57	145.72	938.97	938.97	4.6
410	19.24	277.9	142.98	60.38	137.05	139.25	981.14	981.14	5.53
411	20.47	348.15	26.45	67.91	149.05	22.6	975.27	975.27	6.28
412	19.72	332.25	131.99	70.55	155.15	133.85	918.61	918.61	6.25
413	21.47	366.12	101.78	74.86	155.42	105.97	997.09	997.09	6.76
414	20.87	309.42	112.13	71.74	162.47	110.53	955.93	955.93	5.9
415	18.86	287.83	49.14	68.27	174.75	47.28	948.67	948.67	5.41
416	20.46	354.65	123.23	69.54	137.33	119.55	966.92	966.92	8.7
417	21.23	300.0	79.59	73.43	152.74	78.03	1046.24	1046.24	5.77
418	19.95	372.96	131.04	72.38	145.94	133.06	1054.08	1054.08	9.19
419	19.51	289.5	90.03	68.85	161.04	88.11	1077.03	1077.03	5.66
420	19.56	342.01	146.7	68.45	143.7	146.51	1112.49	1112.49	6.63
421	20.17	388.25	87.82	79.51	143.9	87.87	947.66	947.66	7.01
422	19.73	424.49	87.28	74.04	166.04	84.66	1017.97	1017.97	7.62
423	20.22	299.92	59.34	65.76	148.04	59.38	1024.5	1024.5	5.69
424	18.79	318.92	77.49	79.16	148.0	76.47	1011.06	1011.06	6.01
425	20.38	315.73	147.83	67.13	143.42	145.1	979.25	979.25	6.11
426	19.3	372.12	139.8	74.24	140.5	136.65	939.41	939.41	9.1
427	19.61	445.68	50.21	75.83	141.48	51.49	1045.34	1045.34	7.88
428	19.17	312.5	90.45	67.33	140.42	95.35	981.99	981.99	5.91
429	19.71	368.39	161.86	63.64	138.48	159.75	1047.83	1047.83	9.24
430	18.35	436.85	85.37	64.28	164.62	87.39	1109.21	1109.21	7.89
431	18.16	317.11	103.39	69.35	137.51	103.33	872.0	872.0	5.91
432	19.33	368.76	167.62	64.84	164.04	168.19	973.09	973.09	9.21
433	18.89	383.18	76.96	74.32	161.82	81.7	1103.21	1103.21	7.06
434	17.78	376.48	87.89	70.11	159.31	88.91	1046.78	1046.78	6.93
435	19.38	317.91	111.72	72.5	150.42	109.23	998.63	998.63	6.07
436	22.3	379.8	148.87	72.58	145.19	147.32	923.89	923.89	9.29
437	18.27	344.51	149.12	67.79	142.5	147.41	974.47	974.47	6.53
438	20.42	276.95	5.58	73.18	144.32	1.64	1022.21	1022.21	5.21
439	21.14	333.04	155.47	68.0	167.77	155.69	985.28	985.28	6.39
440	21.63	268.89	149.92	68.43	167.38	145.39	990.37	990.37	5.42
441	19.58	407.22	100.17	60.7	148.92	103.52	1107.94	1107.94	7.49
442	21.25	391.36	88.82	67.21	137.43	84.91	969.55	969.55	7.08
443	18.93	335.04	58.22	72.29	144.18	55.92	1019.12	1019.12	6.21
444	19.36	384.46	72.6	69.82	159.17	69.46	987.27	987.27	6.96
445	19.52	378.78	82.28	68.39	151.7	82.93	1056.7	1056.7	6.96
446	19.61	397.73	74.44	66.83	141.65	72.3	1034.58	1034.58	7.21
447	21.03	374.1	128.0	77.81	144.56	129.77	998.72	998.72	9.14
448	19.58	322.44	85.99	67.64	141.25	87.64	986.0	986.0	6.06
449	20.11	260.45	110.9	72.09	145.15	110.67	962.53	962.53	5.17
450	20.44	317.85	89.75	78.29	163.23	90.23	1058.66	1058.66	6.07
451	19.81	360.93	24.21	66.56	168.27	24.09	1044.48	1044.48	6.54
452	21.45	272.43	67.06	68.93	146.49	63.35	994.8	994.8	5.27
453	18.51	375.06	142.98	67.35	154.37	146.66	1003.58	1003.58	9.24
454	19.86	282.71	188.33	75.01	149.32	184.59	1033.04	1033.04	5.76
455	18.87	285.49	97.87	64.78	140.73	101.41	1036.63	1036.63	5.58
456	21.59	221.91	53.88	77.1	140.27	51.05	942.96	942.96	4.43
457	19.59	350.2	73.5	72.97	150.85	78.39	1156.15	1156.15	6.61
458	20.63	363.15	117.73	74.6	148.7	120.32	1009.82	1009.82	8.88
459	18.51	297.17	93.22	67.97	145.65	89.35	1012.68	1012.68	5.72
460	18.93	359.62	109.84	67.53	150.42	112.93	1020.02	1020.02	8.78
461	19.59	409.11	88.36	63.31	140.39	87.24	990.63	990.63	7.37
462	19.74	357.62	142.53	77.74	152.28	142.63	1016.9	1016.9	8.9
463	19.21	334.92	69.04	75.13	160.98	71.04	907.22	907.22	6.12
464	19.03	301.61	128.85	74.06	146.76	127.24	1032.93	1032.93	5.9
465	19.44	331.86	77.97	77.15	133.83	74.33	837.02	837.02	6.03
466	20.75	378.95	58.43	68.98	143.91	57.84	981.2	981.2	6.83
467	21.11	312.21	44.93	73.51	141.71	45.96	1048.78	1048.78	5.87
468	18.5	375.84	66.85	60.66	141.68	68.88	963.85	963.85	6.79
469	19.4	405.37	91.92	72.27	147.93	95.56	891.33	891.33	7.22
470	19.75	391.59	87.79	71.33	154.59	84.27	1033.25	1033.25	7.15
471	19.28	417.14	100.91	77.12	142.03	98.89	994.07	994.07	7.52
472	18.86	331.46	99.5	71.43	151.36	103.21	947.41	947.41	6.19
473	19.81	265.3	50.98	69.74	170.33	51.34	1058.67	1058.67	5.19
474	19.37	377.8	84.38	73.4	136.46	89.17	961.82	961.82	6.86
475	20.29	386.62	107.75	77.82	149.85	111.82	993.6	993.6	9.28
476	20.37	406.24	106.26	62.63	153.09	106.91	1041.44	1041.44	9.72
477	18.68	260.56	67.96	69.88	141.27	65.06	977.3	977.3	5.07
478	19.99	382.23	109.43	69.34	151.32	106.41	1030.6	1030.6	9.24
479	19.22	340.97	75.84	71.31	150.69	80.18	1119.89	1119.89	6.44
480	20.17	377.1	127.72	72.9	128.16	126.42	1021.12	1021.12	9.22
481	19.74	377.22	41.98	60.68	168.09	43.09	1030.1	1030.1	6.81
482	19.73	341.08	-5.35	69.6	165.14	-9.44	1014.05	1014.05	6.14
483	19.89	318.28	117.72	65.17	152.76	120.87	955.26	955.26	6.04
484	19.67	289.36	104.76	71.9	153.78	101.63	917.93	917.93	5.54
485	19.47	415.5	91.29	70.64	147.43	89.86	972.27	972.27	7.45
486	19.84	374.54	85.21	66.97	148.82	87.86	973.94	973.94	6.82
487	20.54	302.79	154.98	76.0	149.99	158.17	1044.79	1044.79	5.99
488	19.39	320.67	99.2	66.43	137.74	101.22	980.78	980.78	6.06
489	20.29	419.09	90.53	63.73	132.23	89.39	994.34	994.34	7.53
490	20.79	345.73	14.04	63.7	153.01	13.47	937.09	937.09	6.18
491	21.25	353.46	50.4	74.57	154.11	55.16	1056.91	1056.91	6.51
492	18.78	384.09	111.51	59.57	133.6	116.3	989.06	989.06	9.25
493	20.92	263.7	111.78	70.29	153.94	115.21	999.27	999.27	5.26
494	20.47	389.88	129.59	70.43	147.86	130.56	1049.6	1049.6	9.52
495	20.46	466.67	110.26	68.32	142.43	107.55	1052.58	1052.58	10.96
496	20.52	306.46	49.24	67.9	158.13	47.31	1035.66	1035.66	5.78
497	21.08	384.75	121.87	65.62	153.15	119.76	1057.66	1057.66	9.38
498	21.58	341.94	90.85	70.78	153.51	95.58	911.78	911.78	6.29
499	20.24	256.58	65.91	65.58	149.54	62.69	1072.06	1072.06	5.11
500	18.53	374.54	131.12	69.05	151.56	128.12	1040.97	1040.97	9.21
501	20.34	390.89	155.61	63.15	163.46	159.63	1010.48	1010.48	9.63
502	21.96	343.66	129.89	77.17	141.18	134.62	962.06	962.06	6.46
503	19.44	406.87	74.09	66.58	153.12	73.38	952.0	952.0	7.26
504	18.76	263.92	106.41	66.48	166.94	101.94	1076.37	1076.37	5.32
505	19.3	373.71	210.01	67.81	137.58	213.91	920.97	920.97	9.46
506	20.71	313.17	77.19	70.49	159.98	74.86	1066.11	1066.11	5.98
507	17.83	308.14	125.27	68.47	172.47	123.18	1021.03	1021.03	5.97
508	19.97	401.38	156.17	67.5	147.1	155.6	1051.69	1051.69	9.88
509	20.75	295.58	62.7	68.05	145.79	64.91	1074.06	1074.06	5.69
510	22.41	234.98	183.76	75.06	155.89	186.75	1053.56	1053.56	5.06
511	18.93	281.12	56.97	68.66	152.65	55.7	1071.51	1071.51	5.45
512	20.63	294.03	119.52	71.65	160.05	117.4	1011.62	1011.62	5.74
513	18.92	323.75	-26.79	67.84	151.94	-29.26	945.97	945.97	5.75
514	20.13	375.31	123.96	74.24	147.26	126.84	927.22	927.22	9.07
515	20.66	403.07	104.97	63.46	143.59	105.66	1053.96	1053.96	7.38
516	21.52	338.53	93.22	71.66	138.43	95.94	1100.34	1100.34	6.43
517	19.4	291.08	142.66	69.55	144.58	137.73	1011.59	1011.59	5.75
518	21.85	443.52	156.47	74.14	145.5	151.89	1027.21	1027.21	10.7
519	18.76	367.11	11.34	74.48	142.67	7.33	1069.08	1069.08	6.62
520	21.14	243.31	136.12	73.5	139.5	137.65	1103.54	1103.54	5.11
521	19.94	311.2	75.01	71.59	146.85	76.53	957.65	957.65	5.83
522	21.52	290.82	122.72	71.06	146.72	123.84	972.61	972.61	5.66
523	19.29	360.83	119.42	67.76	144.65	115.97	1018.43	1018.43	8.85
524	19.68	320.66	105.35	64.75	146.61	100.63	961.8	961.8	6.05
525	20.43	318.83	45.7	71.64	158.69	41.91	965.4	965.4	5.88
526	18.28	274.05	79.18	75.68	157.71	81.65	967.63	967.63	5.29
527	20.31	425.48	71.23	66.96	137.87	74.59	1003.24	1003.24	7.58
528	20.85	371.98	27.42	72.27	132.46	29.5	981.44	981.44	6.65
529	20.72	301.54	86.97	83.51	156.89	91.85	1046.39	1046.39	5.81
530	20.1	381.42	75.34	79.6	152.06	76.06	1009.3	1009.3	6.94
531	18.91	337.19	138.35	73.15	152.69	137.77	997.3	997.3	6.42
532	21.32	357.02	158.46	67.8	157.63	163.32	1010.52	1010.52	8.96
533	21.81	348.86	84.42	67.26	143.48	86.42	941.52	941.52	6.41
534	19.11	341.58	120.05	73.88	161.52	117.6	1016.85	1016.85	6.46
535	20.12	266.33	12.23	71.59	147.15	13.81	944.61	944.61	4.99
536	20.16	287.04	115.74	67.15	173.36	114.73	974.38	974.38	5.59
537	19.47	378.37	162.18	71.47	169.92	160.12	1071.55	1071.55	9.47
538	20.41	314.6	121.35	70.55	146.98	122.26	878.72	878.72	5.92
539	18.84	262.73	96.02	63.44	135.46	95.13	965.36	965.36	5.17
540	19.74	329.8	81.09	73.81	148.13	77.57	968.3	968.3	6.14
541	19.86	290.62	49.41	78.15	150.81	52.1	1029.51	1029.51	5.53
542	21.24	357.48	89.79	58.8	150.24	86.6	956.41	956.41	6.56
543	19.73	303.12	175.35	66.09	136.09	177.73	978.11	978.11	5.98
544	20.4	297.26	154.19	59.22	150.46	150.01	1092.61	1092.61	5.96
545	19.81	349.13	125.11	76.0	156.4	124.53	904.95	904.95	8.53
546	18.56	399.94	70.57	77.94	145.82	68.46	1008.77	1008.77	7.2
547	19.98	358.83	186.64	70.81	176.53	183.32	975.17	975.17	9.1
548	19.98	336.11	127.85	72.33	139.73	125.04	984.44	984.44	6.37
549	18.5	337.63	66.63	62.53	146.8	65.73	1074.54	1074.54	6.32
550	21.25	385.79	114.61	67.76	148.86	118.8	942.18	942.18	9.25
551	20.95	358.2	104.98	68.62	126.84	100.34	938.04	938.04	6.59
552	19.45	387.69	98.74	68.42	148.47	102.03	1064.93	1064.93	7.15
553	19.73	305.44	145.25	59.93	145.71	144.21	987.3	987.3	5.95
554	21.86	390.99	105.97	68.42	139.82	103.49	1024.72	1024.72	9.4
555	20.08	378.99	94.09	77.54	163.85	92.08	943.47	943.47	6.88
556	18.68	299.16	26.31	68.64	172.53	22.05	959.62	959.62	5.53
557	19.86	338.09	209.98	61.01	161.27	212.59	1026.66	1026.66	6.64
558	19.55	306.29	53.58	69.05	155.81	51.09	994.98	994.98	5.74
559	19.38	375.7	111.86	70.45	161.08	109.04	980.94	980.94	9.07
560	18.67	265.05	96.79	76.77	160.17	93.08	978.66	978.66	5.22
561	21.4	348.96	163.29	73.78	162.43	164.06	998.39	998.39	8.82
562	19.87	354.33	-6.61	68.79	138.82	-3.94	954.78	954.78	6.27
563	20.45	385.3	71.78	71.35	149.24	70.82	995.75	995.75	6.98
564	21.0	377.13	101.01	70.13	154.77	98.31	1059.27	1059.27	6.99
565	20.13	321.46	10.15	65.32	154.41	13.61	1064.73	1064.73	5.93
566	17.92	411.25	85.83	79.32	154.51	85.71	1020.21	1020.21	7.42
567	21.5	372.04	51.76	71.46	163.25	47.19	938.34	938.34	6.67
568	19.41	373.37	137.61	68.13	161.76	137.98	1032.49	1032.49	9.21
569	20.57	349.77	108.81	66.65	143.16	112.63	1021.03	1021.03	8.58
570	18.49	325.13	102.25	71.33	135.81	106.39	1031.16	1031.16	6.18
571	19.72	301.37	121.11	72.21	136.28	116.68	950.38	950.38	5.79
572	20.66	397.07	107.74	68.82	154.86	108.24	999.24	999.24	9.5
573	18.36	350.66	157.5	69.27	159.44	158.32	914.38	914.38	8.73
574	19.89	325.12	110.46	65.08	159.54	113.52	1001.91	1001.91	6.17
575	18.82	339.78	122.42	81.71	167.47	124.04	976.39	976.39	6.4
576	22.07	260.59	27.98	77.13	153.02	24.59	971.58	971.58	4.97
577	20.66	418.48	96.89	74.65	135.44	96.05	1008.4	1008.4	7.55
578	19.9	328.51	18.44	76.8	159.32	14.28	1037.64	1037.64	6.03
579	19.51	318.31	89.58	73.38	160.61	93.5	1073.05	1073.05	6.09
580	19.17	351.71	166.34	69.58	148.34	168.87	1002.72	1002.72	8.89
581	21.14	426.46	-1.57	78.06	146.18	-4.23	961.63	961.63	7.38
582	18.59	330.08	171.82	72.63	147.83	173.32	962.2	962.2	6.36
583	20.5	322.42	94.54	73.74	165.71	93.72	1046.3	1046.3	6.14
584	19.71	363.52	107.24	69.72	150.79	109.09	1022.98	1022.98	8.85
585	21.23	409.27	84.24	69.0	149.06	83.85	1013.05	1013.05	7.38
586	21.77	352.62	114.82	67.98	145.28	115.89	946.57	946.57	8.59
587	19.56	321.04	120.35	71.71	148.07	117.31	990.07	990.07	6.13
588	20.69	341.05	142.49	71.91	144.4	141.62	1012.42	1012.42	6.51
589	19.8	341.67	71.21	63.02	154.19	72.72	977.42	977.42	6.3
590	20.21	370.72	117.58	81.24	157.18	118.84	988.51	988.51	9.01
591	20.73	447.09	119.29	76.56	154.52	114.33	993.9	993.9	10.55
592	19.92	345.65	69.88	67.98	141.03	74.71	935.61	935.61	6.31
593	19.9	308.36	87.97	70.13	137.7	92.21	1041.56	1041.56	5.91
594	18.97	407.52	103.9	73.86	163.38	107.59	1029.87	1029.87	7.42
595	19.61	346.79	108.7	76.32	134.85	107.87	1000.32	1000.32	8.5
596	19.83	383.18	158.7	67.18	158.87	159.13	1062.34	1062.34	9.54
597	18.72	271.66	39.27	63.9	143.82	35.03	1038.5	1038.5	5.23
598	18.71	388.37	39.64	62.04	162.64	41.76	979.16	979.16	6.92
599	19.79	303.46	102.51	64.74	129.75	101.23	970.27	970.27	5.8
600	19.43	342.22	139.27	80.35	146.79	136.76	1058.23	1058.23	6.56
601	21.08	317.13	155.36	76.44	158.75	157.41	988.21	988.21	6.15
602	20.75	323.44	143.09	69.54	141.3	145.18	882.67	882.67	6.11
603	20.32	402.23	175.61	68.39	149.79	177.8	1048.54	1048.54	9.99
604	20.18	416.02	137.82	67.83	143.75	141.71	955.95	955.95	9.99
605	20.47	300.64	110.96	66.06	160.91	113.61	986.97	986.97	5.79
606	21.22	362.8	123.36	66.98	156.13	128.08	987.06	987.06	8.88
607	20.67	439.89	142.81	73.74	161.56	143.97	930.67	930.67	10.46
608	19.35	282.7	146.2	64.45	136.26	148.85	961.61	961.61	5.59
609	19.19	372.26	64.32	79.42	158.31	68.46	1035.19	1035.19	6.8
610	19.39	324.88	98.42	60.83	155.37	100.04	957.48	957.48	6.1
611	19.7	234.85	138.68	72.89	134.94	137.74	966.92	966.92	4.86
612	20.14	355.74	139.79	68.7	153.53	140.46	1025.84	1025.84	8.86
613	20.61	359.23	61.57	67.55	152.44	63.75	1000.83	1000.83	6.56
614	19.7	334.14	69.76	66.84	138.96	70.76	989.39	989.39	6.2
615	21.06	402.54	105.52	78.68	173.79	104.01	942.74	942.74	9.54
616	19.07	380.41	139.28	61.01	151.25	137.29	866.04	866.04	9.19
617	20.25	309.8	102.82	73.43	150.0	100.96	1034.15	1034.15	5.96
618	20.54	272.44	118.59	73.89	167.78	114.8	980.31	980.31	5.38
619	19.02	376.2	85.02	77.97	160.29	80.42	965.47	965.47	6.84
620	19.09	321.78	133.44	76.69	139.81	135.17	1011.2	1011.2	6.19
621	20.3	280.67	83.08	70.15	148.28	85.04	973.75	973.75	5.41
622	21.43	335.15	95.0	69.51	131.19	99.05	1030.47	1030.47	6.32
623	22.22	450.47	100.42	65.53	151.73	105.05	960.41	960.41	7.99
624	20.78	479.65	137.39	65.15	157.36	141.59	1000.48	1000.48	11.3
625	18.33	387.0	135.67	72.88	145.77	132.17	951.06	951.06	9.39
626	19.87	363.68	80.97	69.6	130.89	81.15	1053.26	1053.26	6.73
627	20.61	231.41	135.74	63.49	157.96	131.63	1063.84	1063.84	4.89
628	19.37	315.08	60.73	67.95	159.63	63.12	969.23	969.23	5.87
629	18.7	341.36	115.95	70.72	145.91	113.82	1036.48	1036.48	6.47
630	20.35	407.46	127.43	71.63	157.78	123.42	1042.04	1042.04	9.85
631	21.56	347.55	90.76	69.14	134.72	88.51	916.66	916.66	6.38
632	19.16	324.67	155.98	77.76	154.38	153.3	1070.82	1070.82	6.35
633	19.34	277.13	138.45	70.01	158.47	140.87	1041.49	1041.49	5.56
634	20.4	332.42	144.32	72.89	151.63	148.77	1020.49	1020.49	6.39
635	19.27	344.75	143.93	75.15	161.13	143.77	958.16	958.16	6.51
636	18.32	281.99	92.45	74.48	143.49	89.16	911.08	911.08	5.39
637	18.85	387.71	36.63	62.17	140.39	35.89	1047.48	1047.48	6.97
638	17.2	370.8	70.13	71.93	161.86	66.6	1062.92	1062.92	6.82
639	20.46	328.08	159.34	62.01	151.61	160.57	972.58	972.58	6.31
640	19.33	240.74	80.55	75.01	142.6	82.8	968.46	968.46	4.8
641	21.14	386.02	55.61	74.7	153.38	53.86	951.0	951.0	6.9
642	19.41	352.69	151.42	59.43	146.74	147.2	963.91	963.91	8.79
643	20.27	350.93	94.51	74.86	143.12	92.9	986.33	986.33	6.51
644	18.78	293.98	146.49	71.05	168.22	145.3	1027.11	1027.11	5.82
645	20.14	354.02	121.3	74.1	148.18	116.44	908.64	908.64	8.62
646	20.15	402.77	107.4	71.34	153.54	111.61	939.18	939.18	9.55
647	21.19	249.38	105.94	69.89	154.01	108.31	954.66	954.66	4.98
648	19.25	352.07	102.24	70.85	137.9	99.11	1003.23	1003.23	6.56
649	19.56	263.81	83.79	61.0	148.82	86.36	1014.54	1014.54	5.2
650	19.64	352.89	86.59	63.08	138.18	88.01	977.56	977.56	6.51
651	19.96	400.61	151.1	67.71	150.39	152.87	1020.07	1020.07	9.81
652	21.04	288.49	94.23	75.27	162.48	89.79	942.62	942.62	5.53
653	19.89	338.73	85.62	75.86	158.47	85.51	1040.98	1040.98	6.36
654	18.03	377.18	77.65	69.07	167.83	73.58	997.16	997.16	6.87
655	21.17	369.01	78.41	68.9	149.44	83.03	965.81	965.81	6.72
656	19.8	298.19	135.04	70.89	165.28	134.87	1034.91	1034.91	5.87
657	19.75	369.46	96.31	72.94	158.24	100.31	964.67	964.67	6.77
658	20.88	410.68	118.66	65.31	164.99	121.25	952.89	952.89	9.78
659	20.84	291.56	30.27	70.87	151.86	27.01	973.79	973.79	5.44
660	19.66	286.54	59.84	67.0	160.23	60.28	1001.17	1001.17	5.47
661	19.89	255.76	113.99	78.86	147.16	112.46	1030.24	1030.24	5.17
662	21.34	302.35	117.59	72.57	167.64	121.31	981.78	981.78	5.83
663	20.8	343.45	91.93	72.5	161.25	92.62	918.8	918.8	6.32
664	19.0	319.85	85.71	76.69	155.97	81.15	969.23	969.23	6.0
665	20.38	427.66	66.91	75.52	144.99	62.98	978.91	978.91	7.58
666	20.68	379.77	80.08	65.97	149.57	85.07	1003.92	1003.92	6.92
667	20.41	247.56	55.14	72.43	164.57	55.04	938.19	938.19	4.81
668	19.85	354.54	95.44	71.4	153.48	91.23	992.91	992.91	6.57
669	19.0	351.74	44.61	75.23	161.53	45.09	1042.47	1042.47	6.45
670	19.0	384.57	85.79	74.33	135.98	88.75	1085.78	1085.78	7.09
671	20.58	321.06	80.23	73.45	146.74	76.1	976.25	976.25	6.01
672	18.83	312.5	147.22	65.6	159.05	146.64	1011.97	1011.97	6.09
673	19.4	377.61	100.74	72.26	150.96	103.49	1032.25	1032.25	6.97
674	21.39	287.07	74.31	58.23	148.83	69.78	993.87	993.87	5.51
675	20.66	419.65	91.62	57.61	151.13	95.05	1016.68	1016.68	7.56
676	17.76	293.88	127.44	66.81	153.18	123.78	967.88	967.88	5.71
677	19.62	441.28	134.14	68.58	143.41	134.7	1032.2	1032.2	10.55
678	20.61	448.04	132.42	81.75	142.53	127.92	962.69	962.69	10.61
679	21.39	346.63	165.29	65.9	148.0	167.86	951.6	951.6	8.73
680	20.96	324.32	92.57	67.78	147.71	94.81	1003.58	1003.58	6.12
681	19.68	273.12	87.35	77.35	160.29	89.57	1017.83	1017.83	5.35
682	19.74	329.76	112.78	66.02	148.94	109.9	1053.26	1053.26	6.3
683	20.8	306.82	168.98	79.4	165.99	164.79	966.89	966.89	6.01
684	17.52	333.46	181.39	71.11	161.71	184.06	951.4	951.4	6.42
685	19.11	309.74	79.42	66.09	140.33	77.89	1009.18	1009.18	5.87
686	19.26	358.43	49.67	71.33	159.2	49.83	1013.54	1013.54	6.53
687	17.28	340.71	113.86	67.14	152.13	110.69	1059.83	1059.83	6.47
688	17.28	321.64	99.44	64.89	129.99	99.07	913.32	913.32	6.0
689	19.66	330.25	165.55	81.31	167.27	170.35	971.31	971.31	6.36
690	19.43	365.61	103.14	77.37	146.04	98.92	1024.75	1024.75	6.79
691	19.18	358.68	78.03	73.65	153.91	81.08	966.91	966.91	6.56
692	18.96	302.71	161.8	70.09	141.82	158.06	979.1	979.1	5.94
693	20.57	404.77	61.34	74.34	163.24	63.28	1011.66	1011.66	7.26
694	18.53	365.37	4.29	71.14	147.03	4.09	965.89	965.89	6.48
695	20.6	382.84	102.1	72.0	154.86	97.86	1057.82	1057.82	7.08
696	18.61	349.26	113.18	69.77	148.49	114.52	1009.57	1009.57	8.58
697	18.33	354.36	91.89	71.57	153.15	94.69	995.13	995.13	6.56
698	21.13	366.36	61.6	70.84	159.89	62.41	1023.08	1023.08	6.69
699	19.62	447.11	84.4	66.17	140.78	87.71	893.49	893.49	7.83
700	19.22	411.46	183.43	76.8	151.21	187.0	1027.37	1027.37	10.19
701	20.91	341.2	126.93	60.29	151.16	124.17	987.92	987.92	6.44
702	19.82	273.28	134.42	79.86	149.79	134.81	1041.57	1041.57	5.5
703	20.63	259.58	63.07	71.5	125.03	63.24	1031.1	1031.1	5.1
704	19.93	403.55	146.29	69.48	132.38	143.44	1050.43	1050.43	9.87
705	19.0	418.53	109.97	69.97	148.19	110.5	1063.12	1063.12	10.0
706	19.82	330.84	164.79	66.39	143.92	169.54	873.85	873.85	6.27
707	18.68	373.38	132.31	71.23	153.97	132.89	1037.41	1037.41	9.19
708	20.16	366.17	117.16	70.81	160.87	116.51	1042.95	1042.95	8.97
709	21.13	392.68	72.94	71.81	140.27	71.64	1083.56	1083.56	7.18
710	19.95	378.41	112.41	76.33	139.15	114.74	1022.27	1022.27	9.17
711	21.14	385.78	147.75	77.03	159.17	152.61	1099.94	1099.94	9.58
712	21.46	380.86	99.06	67.25	141.82	100.69	1017.15	1017.15	7.0
713	18.14	379.99	159.04	69.46	158.9	155.73	1014.94	1014.94	9.43
714	18.78	331.31	121.62	75.48	151.52	120.87	987.13	987.13	6.28
715	21.39	356.72	122.55	70.51	150.82	126.76	962.92	962.92	8.73
716	18.8	382.1	139.52	66.71	159.35	142.11	946.58	946.58	9.31
717	21.46	466.84	151.86	56.4	157.71	150.4	1011.46	1011.46	11.13
718	19.32	337.94	68.23	74.01	151.02	67.89	966.01	966.01	6.23
719	19.24	365.81	94.54	72.64	136.36	90.71	1025.27	1025.27	6.77
720	19.59	272.4	14.52	72.06	157.02	11.17	1030.06	1030.06	5.17
721	18.71	420.28	128.78	71.52	155.58	124.24	991.49	991.49	10.06
722	21.82	286.94	115.18	76.29	149.38	119.81	1005.3	1005.3	5.62
723	20.58	272.72	142.53	70.1	159.2	140.01	947.76	947.76	5.42
724	20.98	350.56	102.15	69.68	145.96	105.85	1041.69	1041.69	6.58
725	18.93	406.3	39.39	70.55	143.79	38.0	978.79	978.79	7.19
726	19.28	275.4	55.52	68.5	158.21	51.26	1044.87	1044.87	5.33
727	19.43	319.23	44.66	72.19	144.24	43.83	907.0	907.0	5.83
728	20.93	386.19	57.69	66.08	148.11	60.42	1080.43	1080.43	7.04
729	17.88	325.17	141.29	66.38	145.02	138.15	1058.56	1058.56	6.31
730	19.72	343.33	69.91	66.09	159.04	70.42	1019.56	1019.56	6.36
731	19.29	323.88	86.62	59.76	161.12	85.43	1064.1	1064.1	6.16
732	20.28	429.37	160.47	77.41	152.89	157.25	900.89	900.89	10.31
733	19.38	364.38	98.04	66.55	165.75	98.33	991.73	991.73	6.72
734	19.3	367.61	80.1	71.35	159.19	77.74	1055.46	1055.46	6.79
735	19.71	312.77	130.31	69.66	133.43	130.37	1093.81	1093.81	6.13
736	19.95	373.4	119.83	69.51	147.33	118.98	908.94	908.94	9.0
737	20.98	272.38	133.86	73.58	140.69	136.56	1015.76	1015.76	5.46
738	21.3	397.5	122.76	60.53	151.08	122.33	1027.06	1027.06	9.61
739	20.26	313.85	97.79	67.26	148.92	93.87	1069.59	1069.59	6.04
740	19.6	367.89	38.19	75.84	157.78	40.8	921.46	921.46	6.55
741	20.33	286.51	108.61	71.35	156.35	104.37	977.19	977.19	5.57
742	19.58	435.09	73.68	72.56	139.79	74.34	1013.98	1013.98	7.74
743	20.56	330.9	92.72	67.39	154.09	92.33	960.2	960.2	6.18
744	19.27	510.33	98.04	80.14	135.62	97.31	962.52	962.52	8.88
745	20.6	226.1	69.49	73.11	148.49	73.88	982.48	982.48	4.57
746	20.62	472.25	145.01	63.18	131.19	141.08	919.89	919.89	11.11
747	18.06	387.63	114.96	70.74	160.18	117.89	1012.22	1012.22	9.36
748	19.36	353.98	101.59	69.92	166.54	102.8	969.14	969.14	6.55
749	20.81	367.5	78.3	73.59	164.21	80.32	1060.84	1060.84	6.79
750	20.86	439.18	123.91	64.58	168.1	120.28	1040.98	1040.98	10.47
751	17.93	343.42	102.35	75.72	147.99	98.08	989.35	989.35	6.41
752	20.06	383.5	137.1	63.37	134.47	136.04	1052.45	1052.45	9.43
753	19.57	324.29	78.62	76.82	149.7	79.28	1024.15	1024.15	6.1
754	21.4	349.51	54.94	69.4	150.22	54.5	980.01	980.01	6.38
755	19.25	319.82	135.96	68.99	152.47	139.6	1084.1	1084.1	6.24
756	22.01	337.95	105.41	71.68	142.59	109.86	1009.1	1009.1	6.36
757	19.71	274.07	66.51	70.09	166.12	67.7	970.97	970.97	5.27
758	21.06	295.11	32.88	64.7	158.52	30.23	1022.2	1022.2	5.55
759	19.99	305.75	118.7	71.22	137.72	121.44	993.04	993.04	5.9
760	17.47	371.86	102.3	82.54	148.04	105.22	965.09	965.09	6.82
761	22.71	321.58	85.55	67.34	147.75	83.37	968.85	968.85	6.03
762	18.61	348.55	28.33	74.94	158.74	24.71	1008.63	1008.63	6.33
763	22.05	325.01	109.61	65.41	164.87	107.65	920.46	920.46	6.09
764	20.17	437.54	127.2	64.4	148.44	123.18	996.28	996.28	10.4
765	20.25	372.35	138.3	72.07	161.81	137.94	1015.44	1015.44	9.17
766	20.08	313.26	92.97	72.91	152.05	92.78	972.49	972.49	5.92
767	20.42	383.43	84.6	72.24	149.17	83.84	986.58	986.58	6.97
768	18.65	359.79	86.04	70.98	160.27	86.94	959.36	959.36	6.59
769	19.83	402.02	137.49	70.61	159.2	137.43	936.16	936.16	9.68
770	19.83	392.44	78.2	72.36	142.98	82.72	901.07	901.07	7.0
771	21.05	322.85	112.48	66.82	158.57	116.34	996.19	996.19	6.14
772	19.42	325.89	163.22	66.08	135.67	159.92	992.95	992.95	6.31
773	20.33	289.88	79.93	70.79	149.3	82.72	941.06	941.06	5.51
774	18.61	354.06	96.89	69.13	159.71	93.81	1035.56	1035.56	6.61
775	20.53	309.84	71.41	68.59	153.5	72.62	1011.18	1011.18	5.86
776	19.47	387.5	212.1	59.31	150.03	216.5	967.28	967.28	9.8
777	18.86	392.99	73.05	80.33	133.95	69.43	1001.35	1001.35	7.1
778	19.32	334.79	77.79	69.66	162.64	74.12	1038.8	1038.8	6.27
779	20.01	363.02	71.35	71.29	157.23	68.0	985.81	985.81	6.63
780	20.26	338.44	52.91	66.19	148.69	48.76	1046.52	1046.52	6.28
781	19.49	348.29	90.58	77.11	151.65	91.13	942.63	942.63	6.41
782	19.14	321.43	105.05	75.08	138.72	106.36	978.61	978.61	6.08
783	18.66	282.17	91.6	68.44	160.99	93.5	972.37	972.37	5.45
784	20.47	290.73	102.26	74.83	148.84	99.73	941.29	941.29	5.58
785	19.54	356.65	85.67	62.08	142.99	87.51	910.96	910.96	6.49
786	19.87	321.58	133.93	63.36	148.8	136.14	978.3	978.3	6.16
787	19.47	354.56	85.17	63.24	138.96	88.73	966.98	966.98	6.52
788	19.45	339.55	130.99	62.1	146.32	130.57	979.19	979.19	6.42
789	18.8	327.4	154.06	64.65	177.97	156.94	963.23	963.23	6.28
790	19.57	338.47	99.78	76.14	151.42	95.66	976.91	976.91	6.32
791	20.43	281.77	164.06	64.43	159.3	165.17	955.31	955.31	5.61
792	19.46	390.14	173.92	64.26	159.78	172.16	997.84	997.84	9.69
793	20.02	329.74	117.18	65.12	147.79	117.72	1040.74	1040.74	6.3
794	18.21	375.91	48.34	62.73	157.39	44.7	1039.48	1039.48	6.82
795	21.55	357.01	145.17	63.27	134.11	140.98	1074.59	1074.59	8.96
796	17.95	310.25	95.58	77.02	156.66	100.1	947.31	947.31	5.86
797	19.73	322.99	120.38	69.66	145.88	117.67	926.16	926.16	6.09
798	20.12	330.84	94.11	75.63	163.2	91.69	1092.87	1092.87	6.31
799	19.41	326.75	98.15	77.68	152.03	100.82	933.21	933.21	6.1
800	20.26	469.44	183.1	66.67	150.69	184.57	1002.92	1002.92	11.33
801	19.36	340.58	144.62	71.11	154.33	143.68	1016.9	1016.9	6.51
802	18.76	404.64	69.26	63.01	146.33	65.12	1040.11	1040.11	7.3
803	19.22	344.01	135.7	69.56	169.35	132.62	1101.43	1101.43	6.62
804	19.16	389.4	131.04	74.87	152.63	130.92	985.85	985.85	9.45
805	18.71	330.15	116.45	63.73	156.31	113.74	964.21	964.21	6.23
806	18.68	343.17	37.43	76.3	170.47	33.84	978.69	978.69	6.24
807	19.72	333.07	140.41	66.8	139.75	142.31	939.23	939.23	6.31
808	19.49	318.12	36.65	74.21	166.59	38.84	943.75	943.75	5.83
809	20.96	439.03	177.63	70.63	158.22	180.89	959.7	959.7	10.65
810	20.89	321.78	129.02	69.06	151.19	129.19	1061.1	1061.1	6.23
811	20.1	316.12	101.55	74.28	154.99	100.96	1021.89	1021.89	6.04
812	20.02	297.97	125.49	69.4	150.49	122.63	1011.89	1011.89	5.82
813	20.05	393.14	75.47	70.57	146.94	73.71	944.53	944.53	7.05
814	20.15	392.45	109.1	68.1	155.28	111.64	976.43	976.43	9.39
815	18.27	334.67	97.79	69.11	157.66	94.66	932.68	932.68	6.22
816	21.28	350.46	76.17	69.81	142.91	76.24	984.39	984.39	6.45
817	20.32	384.07	126.47	63.29	149.6	129.46	942.85	942.85	9.28
818	19.54	310.78	141.19	79.01	162.24	146.19	990.54	990.54	6.02
819	18.73	391.44	136.0	70.35	147.7	139.17	1036.58	1036.58	9.56
820	18.49	384.09	67.69	71.74	146.22	66.12	1012.32	1012.32	6.96
821	19.27	396.71	103.3	71.61	150.48	99.94	1021.94	1021.94	7.25
822	19.53	351.79	96.89	68.55	139.02	93.38	1013.23	1013.23	6.55
823	21.61	425.26	73.81	61.31	136.32	73.54	1002.71	1002.71	7.59
824	20.81	416.36	183.83	71.46	172.16	184.62	1012.29	1012.29	10.28
825	20.05	304.03	162.02	75.17	159.88	162.31	999.06	999.06	5.98
826	20.78	450.92	192.29	59.59	150.48	191.7	1068.52	1068.52	11.07
827	20.01	316.0	19.82	73.18	149.63	21.54	963.86	963.86	5.77
828	21.23	284.4	105.51	68.4	165.6	107.24	968.46	968.46	5.52
829	21.13	349.25	106.6	72.87	148.08	106.19	984.23	984.23	8.52
830	21.25	358.19	45.48	62.24	158.61	40.59	993.1	993.1	6.5
831	19.82	412.69	101.1	70.64	145.38	102.06	1052.2	1052.2	7.52
832	21.72	374.26	47.6	64.45	164.63	50.49	1002.3	1002.3	6.76
833	19.76	371.81	105.09	72.02	146.65	106.2	985.81	985.81	8.97
834	21.36	428.49	94.0	67.9	166.69	93.59	941.48	941.48	7.63
835	18.81	347.31	105.99	68.12	150.99	105.27	975.67	975.67	8.47
836	19.79	356.22	139.0	61.27	148.19	138.6	1019.72	1019.72	8.86
837	21.87	321.96	48.95	69.57	147.44	45.79	1078.84	1078.84	6.05
838	22.1	341.28	65.77	69.72	164.7	61.79	1064.48	1064.48	6.37
839	19.33	359.28	129.92	78.55	155.56	128.12	975.57	975.57	8.83
840	20.81	367.27	155.59	68.72	156.27	159.04	1097.4	1097.4	9.24
841	18.89	334.07	77.05	63.11	140.27	76.28	1035.2	1035.2	6.26
842	20.88	315.36	103.74	72.31	150.07	108.01	1029.65	1029.65	6.04
843	20.12	384.32	81.35	71.15	130.86	84.7	982.21	982.21	6.97
844	19.15	358.36	98.69	66.17	164.98	102.57	1017.15	1017.15	6.66
845	19.29	341.15	136.59	70.46	148.03	131.86	954.49	954.49	6.43
846	21.62	324.94	47.58	72.46	139.05	47.98	989.82	989.82	6.0
847	19.29	324.16	73.01	65.7	159.81	77.68	1055.41	1055.41	6.12
848	19.57	387.18	98.37	67.48	153.65	94.31	1048.22	1048.22	7.12
849	20.31	312.55	99.03	77.05	154.23	100.66	1023.78	1023.78	5.98
850	18.97	436.45	104.55	76.02	141.48	108.13	987.6	987.6	7.81
851	20.67	362.56	82.49	68.97	143.87	77.74	975.78	975.78	6.64
852	18.57	344.58	143.84	71.21	150.89	147.93	939.74	939.74	6.49
853	19.13	387.89	32.69	63.66	124.94	30.61	987.84	987.84	6.91
854	18.31	352.86	48.6	68.72	156.4	44.92	949.79	949.79	6.38
855	20.39	354.03	91.79	70.96	158.13	95.11	907.36	907.36	6.47
856	19.23	359.55	127.81	71.59	153.1	127.45	1076.75	1076.75	8.93
857	20.83	368.15	96.56	79.63	145.83	100.12	1025.47	1025.47	6.81
858	17.52	385.13	67.53	69.55	151.97	65.12	1012.55	1012.55	6.98
859	21.21	425.93	107.59	69.58	147.47	107.11	1027.36	1027.36	10.11
860	18.88	370.83	103.1	67.97	154.35	102.24	956.47	956.47	6.8
861	18.76	267.67	102.73	65.57	140.3	104.94	984.97	984.97	5.28
862	20.09	322.41	64.01	60.23	146.0	64.2	1012.82	1012.82	6.03
863	18.81	371.91	19.37	55.17	157.13	17.41	1091.11	1091.11	6.74
864	20.61	329.84	131.07	69.46	146.74	130.63	969.41	969.41	6.27
865	20.28	439.29	75.94	67.84	165.97	76.42	947.18	947.18	7.75
866	19.84	369.39	117.84	65.71	147.75	115.76	898.34	898.34	8.9
867	20.08	271.37	109.59	66.51	162.08	112.59	1036.5	1036.5	5.4
868	21.56	427.98	100.39	79.19	140.74	97.45	991.2	991.2	7.68
869	17.95	371.05	29.27	70.13	173.1	33.95	924.87	924.87	6.58
870	20.08	394.63	48.94	64.68	154.91	44.22	949.42	949.42	7.01
871	20.71	401.31	136.64	70.66	161.06	133.86	1073.65	1073.65	9.8
872	21.53	319.3	148.99	64.57	152.26	150.68	885.14	885.14	6.07
873	19.31	397.46	92.04	75.38	157.24	87.59	1070.27	1070.27	7.28
874	20.36	369.7	154.03	58.02	142.41	155.61	1048.82	1048.82	9.23
875	20.5	224.91	99.87	67.94	144.34	101.9	981.16	981.16	4.62
876	20.76	358.04	105.54	72.12	152.2	103.84	1014.94	1014.94	8.72
877	19.12	456.45	81.12	71.86	151.65	76.54	863.26	863.26	7.93
878	19.54	396.51	84.27	73.85	160.52	80.96	1078.47	1078.47	7.26
879	19.64	247.18	85.09	69.72	159.9	87.1	1044.47	1044.47	4.98
880	18.75	415.47	47.19	61.54	139.04	45.5	1048.9	1048.9	7.42
881	19.7	263.39	122.44	73.44	138.41	126.84	1020.28	1020.28	5.3
882	19.68	335.86	89.2	58.59	139.7	92.81	1095.79	1095.79	6.38
883	20.74	349.77	75.95	69.96	145.2	80.4	952.79	952.79	6.41
884	18.54	305.47	138.17	72.73	159.65	143.1	1056.36	1056.36	6.0
885	20.4	413.49	94.56	75.45	146.52	96.17	1055.97	1055.97	7.52
886	18.44	235.06	62.19	66.82	145.82	62.17	1005.09	1005.09	4.7
887	22.65	382.7	88.5	71.48	154.01	91.37	961.06	961.06	6.95
888	21.53	374.78	100.86	69.8	153.49	100.95	989.18	989.18	6.88
889	19.27	398.49	46.25	76.33	156.7	49.58	1023.34	1023.34	7.14
890	20.95	340.03	68.08	74.91	147.47	66.81	1020.18	1020.18	6.31
891	18.46	372.06	41.09	68.66	157.84	45.53	1029.33	1029.33	6.73
892	20.35	396.11	128.5	78.62	150.84	129.26	1045.39	1045.39	9.63
893	21.21	379.66	126.1	76.22	141.86	127.26	1035.42	1035.42	9.28
894	18.24	352.83	86.2	68.63	138.2	87.54	1003.55	1003.55	6.53
895	20.15	451.85	73.77	74.03	153.84	77.21	984.08	984.08	7.97
896	19.54	302.08	61.3	63.58	152.74	57.27	1010.62	1010.62	5.71
897	20.54	371.46	178.57	69.91	146.53	183.23	972.34	972.34	9.31
898	21.3	278.31	131.11	57.35	140.88	128.57	990.33	990.33	5.51
899	20.44	473.76	127.44	71.97	160.25	124.91	960.62	960.62	11.09
900	19.37	373.24	110.03	81.59	137.94	105.42	1094.09	1094.09	9.13
901	18.1	314.41	93.11	84.54	123.12	92.94	987.31	987.31	5.95
902	18.0	395.78	21.2	60.95	146.03	25.53	1041.28	1041.28	7.05
903	19.55	281.77	102.52	74.35	154.24	99.41	1035.32	1035.32	5.54
904	20.55	429.26	46.57	68.07	153.44	49.55	1034.43	1034.43	7.61
905	20.79	365.17	14.73	73.92	154.57	15.75	892.47	892.47	6.43
906	19.63	260.21	139.92	69.45	150.11	139.5	1031.76	1031.76	5.3
907	20.01	298.95	161.79	71.52	135.18	164.68	974.25	974.25	5.88
908	21.14	403.88	93.39	71.27	145.34	89.27	1066.41	1066.41	7.38
909	18.68	345.22	72.53	60.63	149.29	68.22	1053.17	1053.17	6.43
910	19.18	355.05	130.3	70.8	135.15	126.81	967.32	967.32	8.74
911	21.21	418.92	131.54	62.62	161.38	128.33	1011.26	1011.26	10.07
912	18.78	353.5	101.92	62.92	141.16	97.69	968.1	968.1	6.54
913	19.73	285.2	194.9	71.12	145.97	199.67	988.84	988.84	5.77
914	19.73	307.31	99.0	68.23	149.64	101.65	1015.1	1015.1	5.89
915	20.03	330.88	73.58	62.24	125.01	75.53	958.4	958.4	6.13
916	18.95	357.73	146.79	70.32	138.54	147.99	1028.94	1028.94	8.94
917	20.03	376.65	105.15	77.38	147.88	105.48	921.54	921.54	9.0
918	19.19	362.7	50.06	66.98	154.87	45.88	942.35	942.35	6.53
919	19.57	386.77	116.86	76.01	153.29	117.85	1020.39	1020.39	9.36
920	19.13	363.37	114.72	70.44	125.16	110.21	982.29	982.29	8.84
921	20.16	369.17	113.6	72.14	166.56	116.47	1048.23	1048.23	9.02
922	20.23	376.46	51.1	66.08	143.46	53.85	1007.99	1007.99	6.8
923	19.52	381.27	65.88	70.38	146.59	66.2	945.51	945.51	6.85
924	19.54	323.0	123.05	65.3	137.52	119.2	1043.27	1043.27	6.22
925	20.3	288.46	192.01	74.57	149.62	193.22	987.0	987.0	5.81
926	20.31	325.78	128.84	69.88	155.82	125.03	954.6	954.6	6.18
927	20.83	364.29	119.95	76.05	156.69	121.97	1089.69	1089.69	9.0
928	20.5	315.01	67.65	76.36	152.09	63.8	1020.92	1020.92	5.94
929	18.87	324.83	105.31	68.09	163.7	106.4	928.69	928.69	6.08
930	19.56	357.43	117.98	70.8	144.46	121.99	944.48	944.48	8.7
931	20.94	310.01	205.68	71.38	143.84	207.51	968.43	968.43	6.15
932	19.65	329.67	108.29	79.43	137.1	106.64	1000.84	1000.84	6.24
933	21.16	332.0	107.56	68.2	139.18	107.48	946.17	946.17	6.22
934	20.45	429.23	105.05	65.08	148.2	101.75	1051.1	1051.1	10.18
935	19.3	356.04	137.62	66.08	143.91	134.03	1058.89	1058.89	8.89
936	18.8	352.39	48.88	75.97	166.49	46.92	1029.93	1029.93	6.46
937	20.74	326.0	65.39	59.72	158.9	67.52	1001.32	1001.32	6.08
938	20.83	390.63	117.22	69.2	153.26	114.01	916.18	916.18	9.34
939	18.87	330.29	81.04	69.07	154.5	80.79	949.71	949.71	6.13
940	22.01	406.76	72.21	72.83	153.12	72.75	978.87	978.87	7.28
941	19.33	333.53	44.78	71.08	137.85	48.13	995.16	995.16	6.13
942	22.24	389.09	113.99	61.79	149.08	112.82	974.24	974.24	9.35
943	20.61	399.5	173.15	67.65	164.77	171.76	1032.54	1032.54	9.91
944	19.39	327.12	58.23	68.03	141.38	61.94	1016.44	1016.44	6.09
945	20.13	391.74	133.96	63.01	144.37	129.91	1022.89	1022.89	9.55
946	19.63	373.16	148.86	68.51	140.51	146.54	1039.48	1039.48	9.27
947	19.84	467.48	92.28	73.26	159.12	92.42	1018.32	1018.32	8.28
948	19.21	289.52	78.77	60.28	156.85	76.24	994.34	994.34	5.55
949	21.98	279.28	123.13	68.3	154.62	122.26	945.54	945.54	5.46
950	20.35	266.55	168.63	66.99	142.25	172.14	958.72	958.72	5.4
951	19.79	366.36	39.46	72.48	151.37	39.53	962.07	962.07	6.58
952	19.98	369.01	53.52	74.89	154.15	55.77	1013.51	1013.51	6.7
953	19.87	297.78	52.71	59.31	143.51	53.06	1000.61	1000.61	5.62
954	19.13	372.76	103.73	70.55	140.94	105.94	993.6	993.6	6.86
955	18.7	348.37	17.83	69.33	148.01	14.72	1020.85	1020.85	6.31
956	20.56	348.26	27.2	72.95	147.37	27.73	1006.73	1006.73	6.32
957	20.39	348.48	65.94	73.4	147.91	62.9	959.44	959.44	6.37
958	19.34	369.0	129.45	63.8	136.43	132.45	1013.85	1013.85	9.06
959	20.02	441.79	102.21	67.37	176.61	99.28	1042.92	1042.92	7.95
960	19.97	393.5	114.83	67.4	138.44	113.39	958.06	958.06	9.42
961	19.72	337.13	102.74	75.88	128.84	104.82	1010.79	1010.79	6.34
962	20.3	371.01	112.89	71.35	137.76	116.43	962.38	962.38	8.97
963	20.15	453.97	111.93	70.41	135.23	115.99	1001.57	1001.57	10.66
964	20.54	283.59	124.37	68.18	138.25	123.75	998.65	998.65	5.58
965	18.6	355.02	149.34	62.69	146.66	148.02	970.92	970.92	8.84
966	21.05	398.03	94.75	72.89	143.44	95.25	1041.24	1041.24	7.27
967	20.42	272.97	79.39	74.66	144.2	80.85	1012.84	1012.84	5.33
968	20.44	405.08	133.95	71.65	152.11	135.67	920.31	920.31	9.71
969	19.37	391.93	34.36	65.59	134.65	38.47	1052.57	1052.57	7.04
970	19.35	375.34	63.86	69.01	149.54	62.46	1023.49	1023.49	6.83
971	20.62	399.68	90.36	67.12	155.6	92.2	1112.96	1112.96	7.35
972	20.52	368.45	126.27	67.75	145.47	125.55	1031.96	1031.96	9.05
973	20.54	360.03	76.08	75.05	152.4	73.65	1022.23	1022.23	6.63
974	19.14	382.9	47.76	69.3	157.76	48.9	1016.78	1016.78	6.9
975	18.87	362.0	101.14	68.06	160.92	104.05	1065.57	1065.57	6.77
976	18.24	354.65	100.64	72.54	158.15	96.74	977.32	977.32	6.57
977	21.09	246.19	118.76	69.68	148.16	121.94	1018.91	1018.91	5.03
978	18.26	326.67	88.9	78.66	158.42	90.53	993.23	993.23	6.13
979	19.96	393.53	48.94	72.7	153.52	51.98	997.46	997.46	7.04
980	20.86	346.19	104.55	67.73	150.7	100.76	1020.59	1020.59	6.5
981	20.4	312.96	95.59	74.05	165.18	97.18	1063.37	1063.37	6.02
982	19.71	310.12	105.34	63.43	146.82	104.22	942.75	942.75	5.88
983	19.65	407.36	146.39	64.42	149.48	151.27	1013.11	1013.11	9.91
984	19.04	285.9	190.43	68.61	170.22	190.16	1060.15	1060.15	5.84
985	18.71	326.67	153.03	69.69	140.4	151.04	915.74	915.74	6.22
986	21.01	342.21	98.59	67.66	153.12	101.56	979.73	979.73	6.38
987	21.08	323.46	105.09	71.61	146.8	102.27	1028.14	1028.14	6.16
988	19.73	325.51	76.96	67.1	150.63	72.07	1029.51	1029.51	6.12
989	20.62	384.1	133.84	69.07	155.66	133.76	1042.0	1042.0	9.41
990	20.32	412.65	213.0	67.33	157.96	208.87	922.53	922.53	10.26
991	18.48	320.99	87.99	66.84	140.65	91.23	1016.48	1016.48	6.07
992	19.85	407.72	18.04	73.31	166.66	22.78	1125.45	1125.45	7.31
993	19.54	330.67	74.74	61.28	144.51	73.37	991.94	991.94	6.16
994	20.52	348.84	89.34	71.99	161.13	89.2	991.74	991.74	6.47
995	18.12	321.87	161.09	64.27	150.77	164.58	926.29	926.29	6.18
996	21.57	309.3	162.74	68.9	129.8	166.3	944.16	944.16	6.01
997	19.45	400.45	91.63	68.97	150.91	90.61	1028.64	1028.64	7.28
998	19.1	364.18	53.11	75.37	150.43	55.47	1098.49	1098.49	6.71
999	19.91	347.54	108.93	78.63	151.71	112.27	1068.03	1068.03	8.58
